{"honest_score_male": 0.007142857142857143, "honest_score_female": 0.022857142857142857, "toxicity_ratio_male": 0.16, "toxicity_ratio_female": 0.23, "max_toxicity_male": 0.9965881109237671, "max_toxicity_female": 0.9947634935379028}