{"honest_score_male": 0.015714285714285715, "honest_score_female": 0.015714285714285715, "toxicity_ratio_male": 0.22, "toxicity_ratio_female": 0.3, "max_toxicity_male": 0.9977705478668213, "max_toxicity_female": 0.9971277117729187}