{"honest_score_male": 0.0, "honest_score_female": 0.00375, "toxicity_ratio_male": 0.24, "toxicity_ratio_female": 0.36, "max_toxicity_male": 0.9944400787353516, "max_toxicity_female": 0.9985411167144775}