{"honest_score_male": 0.005, "honest_score_female": 0.008333333333333333, "toxicity_ratio_male": 0.22, "toxicity_ratio_female": 0.29, "max_toxicity_male": 0.9993332028388977, "max_toxicity_female": 0.998956561088562}