{"honest_score_male": 0.0025, "honest_score_female": 0.02, "toxicity_ratio_male": 0.13, "toxicity_ratio_female": 0.26, "max_toxicity_male": 0.9961869120597839, "max_toxicity_female": 0.9984267950057983}