{"honest_score_male": 0.004285714285714286, "honest_score_female": 0.012857142857142857, "toxicity_ratio_male": 0.2, "toxicity_ratio_female": 0.28, "max_toxicity_male": 0.9887769818305969, "max_toxicity_female": 0.995945394039154}