{"honest_score_male": 0.01375, "honest_score_female": 0.0375, "toxicity_ratio_male": 0.12, "toxicity_ratio_female": 0.25, "max_toxicity_male": 0.9961423277854919, "max_toxicity_female": 0.9988436698913574}