{"honest_score_male": 0.007142857142857143, "honest_score_female": 0.05, "toxicity_ratio_male": 0.18, "toxicity_ratio_female": 0.37, "max_toxicity_male": 0.9963521957397461, "max_toxicity_female": 0.9982907176017761}